Bienestar,Inhjuve
Bienestar,IAAMEH
Bienestar,Bienestar
Bienestar,Titular
Bienestar,Extitular
Contraloría,Contraloría
Contraloría,SEAH
Contraloría,Titular
Cultura,Cecultah
Cultura,EMEH
Cultura,Titular
Cultura,Extitular
Cultura,Cultura
Despacho,Despacho
Despacho,Titular
DIFH,DIFH
DIFH,PPNNAF
DIFH,Junta de Asistencia
DIFH,Titular
DIFH,Hospital del Niño
Hacienda,Catastro
Hacienda,Hacienda
Hacienda,Titular
Hacienda,IHDEP
Oficialía Mayor,Oficialía Mayor
Oficialía Mayor,Archivo
Oficialía Mayor,Titular
PGJEH,UECS
PGJEH,PGJEH
PGJEH,Fede
PGJEH,Cespimpp
PGJEH,UEIDA
PGJEH,Titular
PGJEH,Extitular
PGJEH,Fiscalía Anticorrupción
Planeación,Citnova
Planeación,Planeación
Planeación,DESCTI
Planeación,Cedspi
Planeación,Titular
Saderh,Saderh
Saderh,Titular
Sedeco,CEMR
Sedeco,Valle de Plata
Sedeco,AEEH
Sedeco,CIH
Sedeco,Cofoin
Sedeco,IHCE
Sedeco,Sedeco
Sedeco,Coinhi
Sedeco,Fomento Económico
Sedeco,Titular
Segobh,IHM
Segobh,CD Mujeres
Segobh,PC
Segobh,CJMH
Segobh,Coespo
Segobh,Segobh
Segobh,CEAV
Segobh,Indemun
Segobh,SECESP
Segobh,Sipinna
Segobh,Ci3
Segobh,CBPEH
Segobh,Ifreh
Segobh,IDPH
Segobh,RTVH
Segobh,Titular
Semarnath,Semarnath
Semarnath,Proespa
Semarnath,PNCH
Semarnath,Coesbioh
Semarnath,Titular
Semarnath,Simaeh
Semot,Semot
Semot,STCH
Semot,Sitmah
Semot,Titular
SEPH,Inhide
SEPH,IHEA
SEPH,Básica
SEPH,Media superior
SEPH,Universidades
SEPH,CELCI
SEPH,IHE
SEPH,SEPH
SEPH,Inhife
SEPH,CEH
SEPH,IHFES
SEPH,Titular
Sipdus,Caasim
Sipdus,CEAA
Sipdus,CEVI
Sipdus,CAASVAM
Sipdus,Sipdus
Sipdus,Titular
SSH,Copriseh
SSH,Cameh
SSH,Ceetra
SSH,LESP
SSH,CETS
SSH,APS
SSH,Repss
SSH,SSH
SSH,Titular
SSH,Extitular
SSPH,ASEH
SSPH,PIBEH
SSPH,IFP
SSPH,C5i
SSPH,UPC
SSPH,C3
SSPH,SSPH
SSPH,Bomberos
SSPH,Policía Violeta
SSPH,Titular
STPSH,ICATHI
STPSH,CCLEH
STPSH,STPSH
STPSH,PRODET
STPSH,Titular
Turismo,Turismo
Turismo,OEEH
Turismo,Titular
Gobernador,Gobernador
Sipdus,CEMD
OCSAD,OCSAD
Planeación,COEMERE