Medios,Canal
¡Órale! Magacín,Impresos locales
A tiempo Hidalgo,Portales locales
Acción,Impresos locales
ACI de Hidalgo,Portales locales
Acrópolis,Portales locales
Agenda hidalguense,Portales locales
Al Día Noticias,Impresos locales
Al Día Noticias web,Portales locales
Alas,Impresos locales
Alfaro Red,Portales locales
AM Hidalgo,Portales locales
Amaneciendo,Portales locales
Antena informativa de Hidalgo,Impresos locales
Avanzando,Impresos locales
Avanzando web,Portales locales
Bóveda informativa,Portales locales
Cambio 21,Impresos locales
Campus MX,Portales locales
Carbajal Noticias,Portales locales
Central Hidalgo,Portales locales
Central MX,Impresos locales
Central MX web,Portales locales
Círculo político,Portales locales
CN Hidalgo TV,Portales locales
Código Hidalgo,Portales locales
Contrapuntos,Portales locales
Criterio,Impresos locales
Criterio web,Portales locales
Cuartel informativo,Portales locales
Cumbres de Hidalgo,Impresos locales
Cumbres de Hidalgo web,Portales locales
Cursor en la noticia,Portales locales
Desde Abajo,Portales locales
Desde la redacción,Portales locales
Diario Minero,Portales locales
Diario Noti7,Portales locales
Dinámico informativo,Impresos locales
Dinámico informativo web,Portales locales
Dos de Hidalgo,Impresos locales
Dulce Patria,Portales locales
EA Noticias,Portales locales
Effetá,Portales locales
El Bocón,Portales locales
El Cardinal,Portales locales
El Cuarto Poder,Portales locales
El Hidalgo digital,Portales locales
El Huarache,Portales locales
El Informativo,Impresos locales
El Informativo estatal,Impresos locales
El informativo online,Portales locales
El Institucional,Impresos locales
El Nuevo Gráfico de Hidalgo,Impresos locales
El Nuevo Gráfico de Hidalgo web,Portales locales
El Origen,Portales locales
El Reconstructor,Portales locales
El Reportero,Portales locales
El Rollo,Impresos locales
El Sol de Hidalgo,Impresos locales
El Sol de Hidalgo web,Portales locales
El Sol de Tulancingo,Impresos locales
El Sol de Tulancingo web,Portales locales
El tiempo de Hidalgo,Impresos locales
El trámite,Impresos locales
El Universal Hidalgo,Impresos locales
El Universal Hidalgo web,Portales locales
El Vigía Hidalgo,Portales locales
Énfasis,Portales locales
Enfoque Hidalgo,Portales locales
Enlace en Hidalgo,Impresos locales
Enlace en Hidalgo web,Portales locales
Entorno Noticias,Portales locales
Entre líneas,Portales locales
Es Periodismo,Portales locales
Espacio político,Portales locales
Espejo,Impresos locales
Exo Noticias,Portales locales
Expediente Ultra,Portales locales
Facetas,Impresos locales
Florentino Peralta,Portales locales
Focus Hidalgo,Portales locales
Foro 21 Hidalgo,Portales locales
Gobernanza,Portales locales
Grito informativo,Impresos locales
Grito informativo web,Portales locales
HgOnline,Portales locales
Hidalgo brilla,Portales locales
Hidalgo diario digital,Portales locales
Hidalgo digital,Portales locales
Hidalgo Hoy,Portales locales
Hidalgo News,Portales locales
Hidalgo Noticias,Portales locales
Hidalgo Noticias Alerta,Portales locales
Hidalgo Sport,Portales locales
Hidal-GO!,Portales locales
Hora 25,Portales locales
Huastecas News,Portales locales
Info Hgo,Portales locales
Info Libre,Portales locales
Info Libre manteleta,Impresos locales
Jacala Multimedios,Portales locales
La Espina,Impresos locales
La Jornada Hidalgo,Impresos locales
La Jornada Hidalgo web,Portales locales
La Neta,Portales locales
La Opinión de Hidalgo,Portales locales
La Razón Huejutla,Portales locales
La Región,Impresos locales
La Región web,Portales locales
La Silla Rota Hidalgo,Portales locales
La Tuza Metiche,Impresos locales
La Verdad Hidalgo,Portales locales
Libre Expression del Estado de Hidalgo,Impresos locales
Líderes políticos,Portales locales
Línea x línea,Portales locales
Marfeca,Portales locales
Milenio Hidalgo,Impresos locales
Milenio web,Portales locales
Mira Hidalgo,Portales locales
Nadia Mejía,Portales locales
News Hidalgo,Portales locales
Nodo TV,Portales locales
Nota Hidalgo,Portales locales
Noticiero Retrovisor,Portales locales
NQ radio web,Portales locales
Nueva Imagen de Hidalgo,Impresos locales
Nueva Imagen de Hidalgo web,Portales locales
Nuevo Gráfico,Portales locales
Omnia,Portales locales
Origen y destino,Impresos locales
Pachuca brilla,Portales locales
Pachuca digital,Portales locales
Pachuca Vive,Portales locales
Panorama Hidalgo,Portales locales
Paradigma,Portales locales
Pensador hidalguense,Impresos locales
Plaza Juárez,Impresos locales
Plaza Juárez web,Portales locales
Plétora Lex,Impresos locales
Plétora Lex web,Portales locales
Plural Hidalgo,Portales locales
Portal Hidalgo,Portales locales
Portavoz político,Portales locales
Publimedios Móvil,Impresos locales
Pulso,Portales locales
Punto por punto,Portales locales
Punto Rojo,Impresos locales
Quadratín,Portales locales
Qué Pachuca,Portales locales
Radar político,Portales locales
Red Hidalgo,Portales locales
Regeneradoz,Portales locales
Reporte Ágora,Portales locales
Reporte cívico,Portales locales
Reporte Hidalgo,Impresos locales
República ENE,Portales locales
Revista De Frente,Portales locales
Revista Diferente,Impresos locales
Revista Luna Negra,Portales locales
Revista Portavoz,Impresos locales
Revista Vía Libre,Portales locales
Ruta,Impresos locales
Ruta web,Portales locales
Sanfe radio,Portales locales
Satélite TV,Portales locales
SeptiNoticias,Portales locales
Sin Filtro,Portales locales
Síntesis,Impresos locales
Síntesis web,Portales locales
Solución,Impresos locales
Sonder Radio,Portales locales
Subrayado,Portales locales
Subrayado Magazine,Impresos locales
Suma Noticias,Portales locales
Super Stereo web,Portales locales
Tiempo Express,Impresos locales
Trapiche,Portales locales
Tulancingo digital,Portales locales
Ultra Noticias,Portales locales
Veta Hidalgo,Portales locales
Vía Libre,Portales locales
Vocales radio web,Portales locales
Voces Hidalgo,Portales locales
Wakeup radio,Portales locales
Zagazine,Portales locales
Zócalo virtual,Portales locales
Zucesos de las Huastecas,Impresos locales
Zunoticia,Impresos locales
Zunoticia web,Portales locales
Vía Libre Meridiano,Impresos locales
Revista Líderes Políticos,Impresos locales
Enlace Huasteca TV,Portales locales
Cofilm producciones,Portales locales
Pensador Hidalguense web,Portales locales
Reporte Hidalgo web,Portales locales
Paradigma Digital,Portales locales
Alas web,Portales locales
Forbes México web,Portales nacionales
Causa y Efecto,Portales nacionales
Alas web,Portales locales
Con tinta y papel,Portales locales
Contraste periodismo claro y oportuno,RRSS
Diario de las Huastecas,RRSS
El informador de Hidalgo,RRSS
El periódico MX,RRSS
El Serrano,RRSS
El Sur de Hidalgo,RRSS
Enfoque hidalguense,RRSS
Enlace Huasteca TV,Portales locales
Esto es Hidalgo MX,RRSS
Fractales,RRSS
Hidalgo decide,RRSS
Hidalgo en línea,Portales locales
Hidalvía Informativa,RRSS
Informativo del Mezquital,RRSS
La borrega negra,RRSS
La mañana de Tula,RRSS
Libre expresión Tula,RRSS
Los hijos del pueblo,RRSS
MF la noticia al instante,RRSS
Mizquitl radio,RRSS
Noticias Pachuca Hoy,RRSS
Pachuca Informa,RRSS
Portal Hidalgo MX,RRSS
Ranchuca,RRSS
Razonez,RRSS
Rumbos,Portales locales
Verdad y Hechos,RRSS